{"inputUnits":[66],"outputUnits":2,"inputs":{"0":{"dtype":"number","min":0.4710060656070709,"max":0.5135801434516907},"1":{"dtype":"number","min":0.11620593070983887,"max":0.4766249358654022},"2":{"dtype":"number","min":0.4764662981033325,"max":0.5195383429527283},"3":{"dtype":"number","min":0.10413339734077454,"max":0.46198558807373047},"4":{"dtype":"number","min":0.4805162847042084,"max":0.5234634876251221},"5":{"dtype":"number","min":0.10424038767814636,"max":0.4614487886428833},"6":{"dtype":"number","min":0.48422956466674805,"max":0.5271865129470825},"7":{"dtype":"number","min":0.10425123572349548,"max":0.46089494228363037},"8":{"dtype":"number","min":0.46474504470825195,"max":0.5084463953971863},"9":{"dtype":"number","min":0.10386693477630615,"max":0.4628584086894989},"10":{"dtype":"number","min":0.46114382147789,"max":0.5046217441558838},"11":{"dtype":"number","min":0.10364201664924622,"max":0.46308183670043945},"12":{"dtype":"number","min":0.458109974861145,"max":0.5010707378387451},"13":{"dtype":"number","min":0.10314446687698364,"max":0.4632585048675537},"14":{"dtype":"number","min":0.49065083265304565,"max":0.5311651229858398},"15":{"dtype":"number","min":0.11233511567115784,"max":0.46151870489120483},"16":{"dtype":"number","min":0.4549556374549866,"max":0.4967913031578064},"17":{"dtype":"number","min":0.10789123177528381,"max":0.4665219187736511},"18":{"dtype":"number","min":0.4789228141307831,"max":0.5201022624969482},"19":{"dtype":"number","min":0.13118869066238403,"max":0.4908667206764221},"20":{"dtype":"number","min":0.46449825167655945,"max":0.5061700940132141},"21":{"dtype":"number","min":0.13070932030677795,"max":0.49291446805000305},"22":{"dtype":"number","min":0.5274337530136108,"max":0.5613618493080139},"23":{"dtype":"number","min":0.1765187382698059,"max":0.513657808303833},"24":{"dtype":"number","min":0.4314414858818054,"max":0.46639618277549744},"25":{"dtype":"number","min":0.17401722073554993,"max":0.5578421950340271},"26":{"dtype":"number","min":0.5542057156562805,"max":0.6429224014282227},"27":{"dtype":"number","min":0.06497332453727722,"max":0.5945419073104858},"28":{"dtype":"number","min":0.3672437071800232,"max":0.4533665180206299},"29":{"dtype":"number","min":0.07594999670982361,"max":0.6942955255508423},"30":{"dtype":"number","min":0.5133863091468811,"max":0.7226042747497559},"31":{"dtype":"number","min":-0.0306529700756073,"max":0.6688374280929565},"32":{"dtype":"number","min":0.2815871834754944,"max":0.48402106761932373},"33":{"dtype":"number","min":-0.034679293632507324,"max":0.8201688528060913},"34":{"dtype":"number","min":0.5034615397453308,"max":0.7423447966575623},"35":{"dtype":"number","min":-0.05795019865036011,"max":0.6897901892662048},"36":{"dtype":"number","min":0.25790631771087646,"max":0.49022239446640015},"37":{"dtype":"number","min":-0.06456661224365234,"max":0.8626806735992432},"38":{"dtype":"number","min":0.4929928481578827,"max":0.7419759631156921},"39":{"dtype":"number","min":-0.05928480625152588,"max":0.6827563643455505},"40":{"dtype":"number","min":0.25987541675567627,"max":0.492873877286911},"41":{"dtype":"number","min":-0.06900590658187866,"max":0.8601335883140564},"42":{"dtype":"number","min":0.49381235241889954,"max":0.732559859752655},"43":{"dtype":"number","min":-0.055775612592697144,"max":0.6775928139686584},"44":{"dtype":"number","min":0.2648550868034363,"max":0.492450475692749},"45":{"dtype":"number","min":-0.06011533737182617,"max":0.8426262140274048},"46":{"dtype":"number","min":0.5229386687278748,"max":0.5443422198295593},"47":{"dtype":"number","min":0.422649621963501,"max":0.6784332394599915},"48":{"dtype":"number","min":0.4586869478225708,"max":0.48142874240875244},"49":{"dtype":"number","min":0.42351338267326355,"max":0.6858209371566772},"50":{"dtype":"number","min":0.5379683375358582,"max":0.5952361822128296},"51":{"dtype":"number","min":0.5931313633918762,"max":0.6884999871253967},"52":{"dtype":"number","min":0.3851219713687897,"max":0.46599867939949036},"53":{"dtype":"number","min":0.6011377573013306,"max":0.6967310905456543},"54":{"dtype":"number","min":0.5389536619186401,"max":0.5838108658790588},"55":{"dtype":"number","min":0.7394258975982666,"max":0.8042887449264526},"56":{"dtype":"number","min":0.41403406858444214,"max":0.4825354814529419},"57":{"dtype":"number","min":0.739240288734436,"max":0.8252570629119873},"58":{"dtype":"number","min":0.5231794714927673,"max":0.5762346386909485},"59":{"dtype":"number","min":0.7594630718231201,"max":0.8163956999778748},"60":{"dtype":"number","min":0.41805997490882874,"max":0.4942665696144104},"61":{"dtype":"number","min":0.7607704401016235,"max":0.8436415195465088},"62":{"dtype":"number","min":0.5493477582931519,"max":0.6154607534408569},"63":{"dtype":"number","min":0.7889118194580078,"max":0.8600325584411621},"64":{"dtype":"number","min":0.39161452651023865,"max":0.46449539065361023},"65":{"dtype":"number","min":0.793120265007019,"max":0.8922126889228821}},"outputs":{"label":{"dtype":"string","min":0,"max":1,"uniqueValues":["Squat","JumpingJack"],"legend":{"Squat":[1,0],"JumpingJack":[0,1]}}},"isNormalized":false}