{"inputUnits":[66],"outputUnits":2,"inputs":{"0":{"dtype":"number","min":0.49584630131721497,"max":0.5301905870437622},"1":{"dtype":"number","min":0.11176171898841858,"max":0.520706832408905},"2":{"dtype":"number","min":0.5002180933952332,"max":0.5331185460090637},"3":{"dtype":"number","min":0.10015910863876343,"max":0.5068855285644531},"4":{"dtype":"number","min":0.5037187337875366,"max":0.5362211465835571},"5":{"dtype":"number","min":0.09981867671012878,"max":0.5067490935325623},"6":{"dtype":"number","min":0.5068448185920715,"max":0.5398476719856262},"7":{"dtype":"number","min":0.09947124123573303,"max":0.5065413117408752},"8":{"dtype":"number","min":0.488158643245697,"max":0.5227415561676025},"9":{"dtype":"number","min":0.09995701909065247,"max":0.5069756507873535},"10":{"dtype":"number","min":0.48446980118751526,"max":0.5185554027557373},"11":{"dtype":"number","min":0.10007193684577942,"max":0.506938099861145},"12":{"dtype":"number","min":0.4812600016593933,"max":0.514167070388794},"13":{"dtype":"number","min":0.10045844316482544,"max":0.507089376449585},"14":{"dtype":"number","min":0.5105752944946289,"max":0.5444048643112183},"15":{"dtype":"number","min":0.104808509349823,"max":0.5113495588302612},"16":{"dtype":"number","min":0.47567570209503174,"max":0.5089083313941956},"17":{"dtype":"number","min":0.10772401094436646,"max":0.5121431350708008},"18":{"dtype":"number","min":0.5036407709121704,"max":0.5368943810462952},"19":{"dtype":"number","min":0.12816503643989563,"max":0.5351699590682983},"20":{"dtype":"number","min":0.488009512424469,"max":0.5226402878761292},"21":{"dtype":"number","min":0.12815117835998535,"max":0.5334765315055847},"22":{"dtype":"number","min":0.5418023467063904,"max":0.5868657231330872},"23":{"dtype":"number","min":0.1742035448551178,"max":0.581853449344635},"24":{"dtype":"number","min":0.4524953067302704,"max":0.4831918179988861},"25":{"dtype":"number","min":0.18350811302661896,"max":0.596520721912384},"26":{"dtype":"number","min":0.5540946125984192,"max":0.6596975326538086},"27":{"dtype":"number","min":0.07871395349502563,"max":0.6965291500091553},"28":{"dtype":"number","min":0.38197898864746094,"max":0.46612176299095154},"29":{"dtype":"number","min":0.123014897108078,"max":0.7195603251457214},"30":{"dtype":"number","min":0.5041972398757935,"max":0.7350939512252808},"31":{"dtype":"number","min":-0.032894402742385864,"max":0.8102260828018188},"32":{"dtype":"number","min":0.3314114212989807,"max":0.498767226934433},"33":{"dtype":"number","min":0.0070413947105407715,"max":0.8335201144218445},"34":{"dtype":"number","min":0.49715596437454224,"max":0.757341206073761},"35":{"dtype":"number","min":-0.054340660572052,"max":0.8419407606124878},"36":{"dtype":"number","min":0.3161407709121704,"max":0.4997316002845764},"37":{"dtype":"number","min":-0.016398519277572632,"max":0.8556025624275208},"38":{"dtype":"number","min":0.49360594153404236,"max":0.7580558061599731},"39":{"dtype":"number","min":-0.058315664529800415,"max":0.8405817151069641},"40":{"dtype":"number","min":0.3174986243247986,"max":0.5030031800270081},"41":{"dtype":"number","min":-0.01974421739578247,"max":0.8540391325950623},"42":{"dtype":"number","min":0.4945501387119293,"max":0.7490912079811096},"43":{"dtype":"number","min":-0.05314445495605469,"max":0.8305732011795044},"44":{"dtype":"number","min":0.3225725591182709,"max":0.502631664276123},"45":{"dtype":"number","min":-0.013046354055404663,"max":0.8473467826843262},"46":{"dtype":"number","min":0.5313916206359863,"max":0.5620861053466797},"47":{"dtype":"number","min":0.39803463220596313,"max":0.7333105206489563},"48":{"dtype":"number","min":0.47219744324684143,"max":0.5012776255607605},"49":{"dtype":"number","min":0.40079519152641296,"max":0.73738694190979},"50":{"dtype":"number","min":0.5343323349952698,"max":0.6109216809272766},"51":{"dtype":"number","min":0.5694880485534668,"max":0.6932621002197266},"52":{"dtype":"number","min":0.39821264147758484,"max":0.5022953152656555},"53":{"dtype":"number","min":0.5761978626251221,"max":0.7011849284172058},"54":{"dtype":"number","min":0.5235762596130371,"max":0.6073697805404663},"55":{"dtype":"number","min":0.7478842735290527,"max":0.8217971324920654},"56":{"dtype":"number","min":0.42391666769981384,"max":0.5160118341445923},"57":{"dtype":"number","min":0.7461345195770264,"max":0.8211269378662109},"58":{"dtype":"number","min":0.5184265375137329,"max":0.602185845375061},"59":{"dtype":"number","min":0.7670936584472656,"max":0.8435077667236328},"60":{"dtype":"number","min":0.42912721633911133,"max":0.5167632102966309},"61":{"dtype":"number","min":0.7656259536743164,"max":0.8438159227371216},"62":{"dtype":"number","min":0.5256702303886414,"max":0.6321337223052979},"63":{"dtype":"number","min":0.8048869371414185,"max":0.8751831650733948},"64":{"dtype":"number","min":0.3959850072860718,"max":0.49758416414260864},"65":{"dtype":"number","min":0.8119301795959473,"max":0.8731544613838196}},"outputs":{"label":{"dtype":"string","min":0,"max":1,"uniqueValues":["Squat","JumpingJack"],"legend":{"Squat":[1,0],"JumpingJack":[0,1]}}},"isNormalized":false}