{"inputUnits":[66],"outputUnits":2,"inputs":{"0":{"dtype":"number","min":0.3849606215953827,"max":0.49188026785850525},"1":{"dtype":"number","min":0.0026061534881591797,"max":0.5006738901138306},"2":{"dtype":"number","min":0.3896564841270447,"max":0.49891197681427},"3":{"dtype":"number","min":-0.016086727380752563,"max":0.48355501890182495},"4":{"dtype":"number","min":0.3943636417388916,"max":0.5040262937545776},"5":{"dtype":"number","min":-0.015454351902008057,"max":0.48266682028770447},"6":{"dtype":"number","min":0.39834341406822205,"max":0.5086989402770996},"7":{"dtype":"number","min":-0.01507347822189331,"max":0.48197630047798157},"8":{"dtype":"number","min":0.3748750388622284,"max":0.4853864014148712},"9":{"dtype":"number","min":-0.01509779691696167,"max":0.4857565760612488},"10":{"dtype":"number","min":0.3700149655342102,"max":0.48161792755126953},"11":{"dtype":"number","min":-0.015329509973526001,"max":0.48689237236976624},"12":{"dtype":"number","min":0.3658406138420105,"max":0.47806236147880554},"13":{"dtype":"number","min":-0.015887737274169922,"max":0.4883197844028473},"14":{"dtype":"number","min":0.40489667654037476,"max":0.5156475305557251},"15":{"dtype":"number","min":-0.006668031215667725,"max":0.486532062292099},"16":{"dtype":"number","min":0.3616294860839844,"max":0.47491681575775146},"17":{"dtype":"number","min":-0.004887819290161133,"max":0.49679556488990784},"18":{"dtype":"number","min":0.39698830246925354,"max":0.5010364651679993},"19":{"dtype":"number","min":0.023662209510803223,"max":0.514671802520752},"20":{"dtype":"number","min":0.37813201546669006,"max":0.48420965671539307},"21":{"dtype":"number","min":0.02264612913131714,"max":0.5181682109832764},"22":{"dtype":"number","min":0.3707389831542969,"max":0.546197772026062},"23":{"dtype":"number","min":0.0883786678314209,"max":0.5498141050338745},"24":{"dtype":"number","min":0.3326496481895447,"max":0.5271241068840027},"25":{"dtype":"number","min":0.09309941530227661,"max":0.6119917631149292},"26":{"dtype":"number","min":0.3019631803035736,"max":0.6091395616531372},"27":{"dtype":"number","min":0.036393582820892334,"max":0.5868834853172302},"28":{"dtype":"number","min":0.2848743200302124,"max":0.5948951244354248},"29":{"dtype":"number","min":0.06677579879760742,"max":0.7669090032577515},"30":{"dtype":"number","min":0.2915208339691162,"max":0.6719236373901367},"31":{"dtype":"number","min":-0.055398404598236084,"max":0.6026079654693604},"32":{"dtype":"number","min":0.24983948469161987,"max":0.6036063432693481},"33":{"dtype":"number","min":-0.03965255618095398,"max":0.8800060153007507},"34":{"dtype":"number","min":0.28334861993789673,"max":0.6987395882606506},"35":{"dtype":"number","min":-0.09106960892677307,"max":0.6066310405731201},"36":{"dtype":"number","min":0.23463700711727142,"max":0.6153682470321655},"37":{"dtype":"number","min":-0.06747475266456604,"max":0.9220131039619446},"38":{"dtype":"number","min":0.295834481716156,"max":0.695871114730835},"39":{"dtype":"number","min":-0.07743915915489197,"max":0.6069467067718506},"40":{"dtype":"number","min":0.24040162563323975,"max":0.6028885245323181},"41":{"dtype":"number","min":-0.07996764779090881,"max":0.9224562644958496},"42":{"dtype":"number","min":0.30115246772766113,"max":0.6842852830886841},"43":{"dtype":"number","min":-0.06427192687988281,"max":0.6075141429901123},"44":{"dtype":"number","min":0.2475794106721878,"max":0.5954310297966003},"45":{"dtype":"number","min":-0.06893274188041687,"max":0.8968274593353271},"46":{"dtype":"number","min":0.44132253527641296,"max":0.5350097417831421},"47":{"dtype":"number","min":0.3813993036746979,"max":0.7625169157981873},"48":{"dtype":"number","min":0.38644373416900635,"max":0.5057504177093506},"49":{"dtype":"number","min":0.38408201932907104,"max":0.7776276469230652},"50":{"dtype":"number","min":0.4309253990650177,"max":0.5955218076705933},"51":{"dtype":"number","min":0.607349693775177,"max":0.7832779884338379},"52":{"dtype":"number","min":0.36533278226852417,"max":0.49915197491645813},"53":{"dtype":"number","min":0.6045316457748413,"max":0.8001967668533325},"54":{"dtype":"number","min":0.4178626835346222,"max":0.6152461767196655},"55":{"dtype":"number","min":0.8086755871772766,"max":0.8993607759475708},"56":{"dtype":"number","min":0.35841143131256104,"max":0.4977877140045166},"57":{"dtype":"number","min":0.809783935546875,"max":0.9293664693832397},"58":{"dtype":"number","min":0.4354298412799835,"max":0.606978714466095},"59":{"dtype":"number","min":0.8257476091384888,"max":0.9191187024116516},"60":{"dtype":"number","min":0.35800275206565857,"max":0.5032245516777039},"61":{"dtype":"number","min":0.8349635601043701,"max":0.9412891864776611},"62":{"dtype":"number","min":0.4130915105342865,"max":0.6390904784202576},"63":{"dtype":"number","min":0.8710300922393799,"max":0.9663381576538086},"64":{"dtype":"number","min":0.332918643951416,"max":0.4980309009552002},"65":{"dtype":"number","min":0.8789374232292175,"max":0.9982224702835083}},"outputs":{"label":{"dtype":"string","min":0,"max":1,"uniqueValues":["JumpingJack","Squat"],"legend":{"JumpingJack":[1,0],"Squat":[0,1]}}},"isNormalized":false}